<?xml version="1.0" encoding="UTF-8"?>
<beans xmlns="http://www.springframework.org/schema/beans" 
	xmlns:xsi="http://www.w3.org/2001/XMLSchema-instance"
	xmlns:context="http://www.springframework.org/schema/context" 
	xmlns:jdbc="http://www.springframework.org/schema/jdbc"  
	xmlns:jee="http://www.springframework.org/schema/jee" 
	xmlns:tx="http://www.springframework.org/schema/tx"
	xmlns:aop="http://www.springframework.org/schema/aop" 
	xmlns:mvc="http://www.springframework.org/schema/mvc"
	xmlns:util="http://www.springframework.org/schema/util"
	xmlns:jpa="http://www.springframework.org/schema/data/jpa"
	xsi:schemaLocation="
		http://www.springframework.org/schema/beans http://www.springframework.org/schema/beans/spring-beans-3.2.xsd
		http://www.springframework.org/schema/context http://www.springframework.org/schema/context/spring-context-3.2.xsd
		http://www.springframework.org/schema/jdbc http://www.springframework.org/schema/jdbc/spring-jdbc-3.2.xsd
		http://www.springframework.org/schema/jee http://www.springframework.org/schema/jee/spring-jee-3.2.xsd
		http://www.springframework.org/schema/tx http://www.springframework.org/schema/tx/spring-tx-3.2.xsd
		http://www.springframework.org/schema/data/jpa http://www.springframework.org/schema/data/jpa/spring-jpa-1.3.xsd
		http://www.springframework.org/schema/aop http://www.springframework.org/schema/aop/spring-aop-3.2.xsd
		http://www.springframework.org/schema/mvc http://www.springframework.org/schema/mvc/spring-mvc-3.2.xsd
		http://www.springframework.org/schema/util http://www.springframework.org/schema/util/spring-util-3.2.xsd">
	<!--  导入db.properties -->
	<util:properties id="db" location="classpath:config/db.properties"/>
	<!-- 配置数据库连接池 -->
	<bean id="dataSource" class="org.apache.commons.dbcp.BasicDataSource">
		<property name="driverClassName" value="#{db.driver}"></property>
		<property name="url" value="#{db.url}"></property>
		<property name="username" value="#{db.username}"></property>
		<property name="password" value="#{db.password}"></property>
	</bean>
	<!-- 配置SqlSessionFactoryBean-->
	 <bean id="ssfb" class="org.mybatis.spring.SqlSessionFactoryBean">
		<property name="dataSource" ref="dataSource"></property>
		 <property name="mapperLocations" value="classpath:mappers/*.xml"></property>
	</bean>
	<!-- Mapper 接口扫描 -->
	<bean class="org.mybatis.spring.mapper.MapperScannerConfigurer">
		<property name="sqlSessionFactory" ref="ssfb"></property>
		<property name="basePackage" value="dao"></property>
	</bean>
	
</beans>