<?xml version="1.0" encoding="UTF-8" ?>  
<!DOCTYPE mapper PUBLIC "-//ibatis.apache.org//DTD Mapper 3.0//EN"      
 "http://ibatis.apache.org/dtd/ibatis-3-mapper.dtd">
 <mapper namespace="dao.StudentDao">
	<insert id="addStudent" parameterType="entity.Student">
		INSERT INTO 
			student(
				studentId,studentName,studentClass
			)VALUES(
				#{studentId},#{studentName},#{studentClass}
			)
	</insert>
	<select id="findStudentById" resultType="entity.Student">
		SELECT * from student WHERE studentId=#{0}
	</select>
	<insert id="attend" parameterType="entity.Attendance">
		INSERT INTO 
			attendance(
				studentId,attendTime
			)VALUES(
				#{0},#{1}
			)
	</insert>
	<update id="modifyStudent" parameterType="entity.Student">
		UPDATE
			student
		SET
			studentName=#{studentName},
			studentClass=#{studentClass}
		WHERE
			studentId=#{studentId}
	</update>
	<select id="showAllAttend" resultMap="attendMap">
		SELECT 
			student.*,attendance.* 
		FROM
			student,attendance
		WHERE 
			student.studentId=attendance.studentId
	</select>
	<resultMap type="entity.Attendance" id="attendMap">
		<result property="attendTime" column="attendTime"/>
		<association property="student" javaType="entity.Student">
			<result property="studentId" column="studentId"/>
			<result property="studentName" column="studentName"/>
			<result property="studentClass" column="studentClass"/>
		</association>
	</resultMap>
	<select id="showAllStudent" resultType="entity.Student">
		SELECT 
			* 
		FROM 
			student
	</select>
</mapper>







