<?xml version="1.0" encoding="UTF-8"?>
<beans xmlns="http://www.springframework.org/schema/beans" 
	xmlns:xsi="http://www.w3.org/2001/XMLSchema-instance"
	xmlns:context="http://www.springframework.org/schema/context" 
	xmlns:jdbc="http://www.springframework.org/schema/jdbc"  
	xmlns:jee="http://www.springframework.org/schema/jee" 
	xmlns:tx="http://www.springframework.org/schema/tx"
	xmlns:aop="http://www.springframework.org/schema/aop" 
	xmlns:mvc="http://www.springframework.org/schema/mvc"
	xmlns:util="http://www.springframework.org/schema/util"
	xmlns:jpa="http://www.springframework.org/schema/data/jpa"
	xsi:schemaLocation="
		http://www.springframework.org/schema/beans http://www.springframework.org/schema/beans/spring-beans-3.2.xsd
		http://www.springframework.org/schema/context http://www.springframework.org/schema/context/spring-context-3.2.xsd
		http://www.springframework.org/schema/jdbc http://www.springframework.org/schema/jdbc/spring-jdbc-3.2.xsd
		http://www.springframework.org/schema/jee http://www.springframework.org/schema/jee/spring-jee-3.2.xsd
		http://www.springframework.org/schema/tx http://www.springframework.org/schema/tx/spring-tx-3.2.xsd
		http://www.springframework.org/schema/data/jpa http://www.springframework.org/schema/data/jpa/spring-jpa-1.3.xsd
		http://www.springframework.org/schema/aop http://www.springframework.org/schema/aop/spring-aop-3.2.xsd
		http://www.springframework.org/schema/mvc http://www.springframework.org/schema/mvc/spring-mvc-3.2.xsd
		http://www.springframework.org/schema/util http://www.springframework.org/schema/util/spring-util-3.2.xsd">

	<!--  配置组件扫描和视图解析器 -->
	<context:component-scan base-package="com.dawn.controller"/>
	<!-- @注解驱动的MVC  @requestMapping -->
	<!-- <mvc:annotation-driven/> -->
	<mvc:annotation-driven/>
	
	 <!--200*1024*1024即200M resolveLazily属性启用是为了推迟文件解析，以便捕获文件大小异常 -->

	 <bean id="multipartResolver"
		class="org.springframework.web.multipart.commons.CommonsMultipartResolver">
		<property name="maxUploadSize" value="209715200" />   
		<property name="defaultEncoding" value="UTF-8" />
		<property name="resolveLazily" value="true" />
	</bean>
	
    <!-- 从请求和响应读取/编写字符串 -->
	<bean id="stringHttpMessage" class="org.springframework.http.converter.StringHttpMessageConverter">
		<property name="supportedMediaTypes">
			<list>
				<value>text/plain;charset=UTF-8</value>
			</list>
		</property>
	</bean>
	
	<!-- 用于将对象转化为JSON -->
	<bean id="jsonConverter" class="org.springframework.http.converter.json.MappingJacksonHttpMessageConverter"></bean>
	
	<bean class="org.springframework.web.servlet.mvc.annotation.AnnotationMethodHandlerAdapter">
		<property name="messageConverters">
			<list>
				<ref bean="stringHttpMessage"/>
				<ref bean="jsonConverter"/>
			</list>
		</property>	
	</bean>         
	
    <mvc:interceptors>
     <mvc:interceptor>
      <mvc:mapping path="/**"/>
      <bean class="com.dawn.util.LoginInterceptor"></bean>
     </mvc:interceptor>
    </mvc:interceptors>
    
    
</beans>