<?xml version="1.0" encoding="UTF-8" ?>  
<!DOCTYPE mapper PUBLIC "-//ibatis.apache.org//DTD Mapper 3.0//EN"      
 "http://ibatis.apache.org/dtd/ibatis-3-mapper.dtd">
<mapper namespace="cs.dao.InfoDao">
	<select id="listInfo" parameterType="String" resultType="map">
		select 
			air,water,sun,fert,temp ,creatime 
		from 
			info 
		where 
			user_id=#{user_id} 
		order by 
			creatime
	</select>
	<delete id="removeInfo" parameterType="int">
		delete from info where creatime=#{creatime}	
	</delete>
	<select id="writeInfo" parameterType="int" resultType="cs.entity.Info">
		select 
			air,water,sun,fert,temp 
		from 
			info 
		where 
			creatime=#{creatime}
	</select>
	<insert id="addInfo" parameterType="cs.entity.Info" > 
		insert into info (user_id,air,water,sun,fert,temp) 
		values (#{user_id},#{air},#{water},#{sun},#{fert},#{temp})
	</insert>
	<select id="autoWrite" resultType="String" parameterType="String">
		select min(creatime) from info where user_id=#{user_id}
	</select>
</mapper>
	
