<?xml version="1.0" encoding="UTF-8"?>
<!DOCTYPE mapper PUBLIC "-//ibatis.apache.org//DTD Mapper 3.0//EN"      
 "http://ibatis.apache.org/dtd/ibatis-3-mapper.dtd">
<mapper namespace="com.dawn.mapper.AssetMapper">
	<!-- 增加一个资产基本信息 -->
	<insert id="addOneAsset" parameterType="com.dawn.pojo.Asset"
		useGeneratedKeys="true" keyProperty="asset_ID">
		insert into
		t_asset(asset_name,specifications,PN,SN,asset_class,asset_price,purchase_date,remarks)
		values(#{asset_name},#{specifications},#{PN},#{SN},#{asset_class},#{asset_price},#{purchase_date},#{remarks})
	</insert>
	<!-- 修改资产信息 -->
	<!-- <update id="modifyAssetById"> update t_asset set asset_name=#{asset_name},specifications=#{specifications},PN=#{PN}, 
		SN=#{SN},asset_class=#{asset_class},asset_price=#{asset_price},purchase_date=#{purchase_date}, 
		remarks=#{remarks} where asset_ID=#{asset_ID} </update> -->
	<update id="modifyAssetById" parameterType="com.dawn.pojo.Asset">
		update t_asset
		<set>
			<if test="asset_name!=null">asset_name=#{asset_name},</if>
			<if test="specifications!=null ">specifications=#{specifications},</if>
			<if test="PN!=null">PN=#{PN},</if>
			<if test="SN!=null">SN=#{SN},</if>
			<if test="asset_class!=null">asset_class=#{asset_class},</if>
			<if test="asset_price!=null ">asset_price=#{asset_price},</if>
			<if test="purchase_date!=null">purchase_date=#{purchase_date},</if>
			<if test="remarks!=null">remarks=#{remarks}</if>
		</set>
		where asset_ID=#{asset_ID}
		and is_delete=0
	</update>
	<!-- 查询一个资产基本信息 -->
	<select id="queryOneAssetById" parameterType="int" resultMap="assetMap">
		select asset_ID,
		asset_name,specifications,PN,SN,asset_class,asset_price,purchase_date,remarks,
		audit_isFill,scrap_isFill
		from t_asset
		where asset_ID=#{asset_ID} and is_delete=0
	</select>
	<!-- 查询所有资产的基本信息 不包括报废的 -->
	<select id="queryAllAssetExceptScrap" parameterType="int"
		resultType="com.dawn.pojo.Asset">
		select
		asset_ID,asset_name,specifications,PN,SN,asset_class,asset_price,purchase_date,remarks,
		audit_isFill,scrap_isFill
		from t_asset
		where scrap_isfill=0 and is_delete=0
		order by asset_ID
	</select>
	<!-- 查询所有报废资产的基本信息 -->
	<select id="queryAllAssetHasScrap" parameterType="int"
		resultType="com.dawn.pojo.Asset">
		select
		asset_ID,asset_name,specifications,PN,SN,asset_class,asset_price,purchase_date,remarks,
		audit_isFill,scrap_isFill
		from t_asset
		where scrap_isfill=1
		order by asset_ID
	</select>
	<!-- 查询所有资产的基本信息 包括报废的 -->
	<select id="queryAllAssetIncludeScrap" parameterType="int"
		resultType="com.dawn.pojo.Asset">
		select
		asset_ID,asset_name,specifications,PN,SN,asset_class,asset_price,purchase_date,remarks,
		audit_isFill,scrap_isFill
		from t_asset
		order by asset_ID
	</select>
	<!-- ————查询资产的所有信息包括发票图片与实物图片———————— -->
	<select id="queryAssetIncludePhotos" parameterType="int"
		resultMap="assetInfoMap">
		select a.*,i.invoice_url,p.photo_url
		from amsd.t_asset as a,
		amsd.t_proofinvoice as i,amsd.t_proofphoto as p
		where i.asset_ID
		=a.asset_ID and p.asset_ID=a.asset_ID and
		a.asset_ID=1
		and
		a.is_delete=0;
		order by a.asset_ID
	</select>

	<!-- 删除资产信息 -->
	<update id="deleteOneAssetById" parameterType="int">
		update t_asset set
		is_delete=1
		where asset_ID=#{asset_ID} and is_delete=0
	</update>


	<!-- 修改其他辅助信息状态 -->
	<update id="setIsFill" parameterType="com.dawn.pojo.Asset">
		update t_asset
		<set>
			<if test="audit_isFill!=null">audit_isFill=#{audit_isFill},</if>
			<if test="scrap_isFill!=null">scrap_isFill=#{scrap_isFill},</if>
		</set>
		where asset_ID=#{asset_ID} and is_delete=0
	</update>
	<!-- ————————资产发票图片———————————— -->
	<!--批量增加一个资产的发票图片信息 -->
	<insert id="addAllInvocie" parameterType="java.util.List"
		useGeneratedKeys="true">
		insert into t_proofinvoice(asset_ID,invoice_url)
		values
		<foreach collection="list" item="obj" index="index" separator=",">
			(#{asset_ID},#{obj.invoice_url})
		</foreach>
	</insert>
	<!--增加一个资产的发票图片信息 -->
	<insert id="addOneInvocie" parameterType="com.dawn.pojo.ProofInvoice"
		useGeneratedKeys="true" keyProperty="invoiceProof_ID">
		insert into
		t_proofinvoice(asset_ID,invoice_url)
		values(#{asset_ID},#{invoice_url})
	</insert>
	<!-- 删除资产发票图片信息 -->
	<update id="deleteOneInvoice">
		update t_proofinvoice set is_delete=1
		where
		invoiceProof_ID=#{invoiceProof_ID}
		and is_delete=0
	</update>
	<!-- 查询资产发票信息 返回值为String的list -->
	<select id="queryInvoiceById" resultType="java.lang.String">
		select invoice_url
		from
		t_proofinvoice
		where asset_ID=#{asset_ID}
		and is_delete=0
		order by invoiceProof_ID
	</select>
	<select id="queryInvoiceById2" resultType="com.dawn.pojo.ProofInvoice">
		select invoice_url,asset_ID,invoiceProof_ID
		from t_proofinvoice
		where asset_ID=#{asset_ID}
		and is_delete=0
		order by invoiceProof_ID
	</select>
	<!-- ———————————资产实物————————————————— -->
	<!--批量增加一个资产的实物图片信息 -->
	<insert id="addAllPhoto" parameterType="java.util.List"
		useGeneratedKeys="true">
		insert into t_proofphoto(asset_ID,photo_url)
		values
		<foreach collection="list" item="obj" index="index" separator=",">
			(#{obj.asset_ID},#{obj.photo_url})
		</foreach>
	</insert>
	<!--增加一个资产的实物图片信息 -->
	<insert id="addOnePhoto" parameterType="com.dawn.pojo.ProofPhoto"
		useGeneratedKeys="true" keyProperty="photoProof_ID">
		insert into
		t_proofphoto(asset_ID,photo_url)
		values(#{asset_ID},#{photo_url})
	</insert>

	<!-- 删除资产实物图片信息 -->
	<update id="deleteOnePhoto" parameterType="int">
		update t_proofphoto 
		set
		is_delete=1
		where photoProof_ID=#{photoProof_ID} and is_delete=0
	</update>
	<!-- 查询实物图 返回结果集是String -->
	<select id="queryPhotoById" resultType="java.lang.String">
		select photo_url
		from
		t_proofphoto
		where asset_ID=#{asset_ID}
		and is_delete=0
		order by photoProof_ID
	</select>
	<!-- 查询实物图 返回结果集是pojo -->
	<select id="queryPhotoById2" resultMap="potoMap">
		select photo_url,asset_ID,photoProof_ID
		from
		t_proofphoto
		where asset_ID=#{asset_ID}
		and is_delete=0
		order by photoProof_ID
	</select>

	<update id="deleteAudit2">
		update t_audit
		set is_delete=1
		where asset_ID=#{asset_ID}
	</update>
	<update id="deleteRepair2" parameterType="int">
		update t_repair
		set is_delete=1
		where asset_ID=#{asset_ID}
	</update>
	<update id="deleteScrap2">
		update t_scrap set is_delete=1
		where asset_ID=#{asset_ID}
	</update>
	<update id="deleteStatus2">
		update t_status set is_delete=1
		where asset_ID=#{asset_ID}
	</update>
	<update id="deleteTransfer2">
		update t_transfer set is_delete=1
		where
		asset_ID=#{asset_ID}
	</update>



	<resultMap type="com.dawn.pojo.ProofInvoice" id="invoiceMap">
		<!-- <result property="invoiceProof_ID" column="invoiceProof_ID" /> <result 
			property="asset_ID" column="asset_ID" /> -->
		<result property="invoice_url" column="invoice_url" />
		<!-- <result property="is_delete" column="is_delete" /> -->
	</resultMap>
	<resultMap type="com.dawn.pojo.ProofPhoto" id="potoMap">
		<!-- <result property="photoProof_ID" column="photoProof_ID" /> <result 
			property="asset_ID" column="asset_ID" /> -->
		<result property="photo_url" column="photo_url" />
		<!-- <result property="is_delete" column="is_delete" /> -->
	</resultMap>
	<resultMap type="com.dawn.pojo.Asset" id="assetMap">
		<result property="asset_ID" column="asset_ID" />
		<result property="asset_name" column="asset_name" />
		<result property="specifications" column="specifications" />
		<result property="PN" column="PN" />
		<result property="SN" column="SN" />
		<result property="asset_class" column="asset_class" />
		<result property="asset_price" column="asset_price" />
		<result property="purchase_date" column="purchase_date" />
		<result property="remarks" column="remarks" />
		<result property="is_delete" column="is_delete" />
		<result property="audit_isFill" column="audit_isFill" />
		<result property="scrap_isFill" column="scrap_isFill" />
	</resultMap>
	<resultMap type="com.dawn.pojo.Asset" id="assetInfoMap"
		extends="assetMap">
		<collection property="proofInvoices" ofType="com.dawn.pojo.ProofInvoice">
			<id property="invoiceProof_ID" column="invoiceProof_ID" />
			<result property="invoice_url" column="invoice_url" />
		</collection>
		<collection property="photos" ofType="com.dawn.pojo.ProofPhoto">
			<id property="photoProof_ID" column="photoProof_ID" />
			<result property="photo_url" column="photo_url" />
		</collection>
	</resultMap>
</mapper>