<?xml version="1.0" encoding="UTF-8"?>
<!DOCTYPE mapper PUBLIC "-//ibatis.apache.org//DTD Mapper 3.0//EN"      
 "http://ibatis.apache.org/dtd/ibatis-3-mapper.dtd">
<mapper namespace="com.dawn.mapper.AuditMapper">
<sql id="audit">asset_ID, audit_ID,asset_no, depreciation,asset_dept, asset_location,
	 auditor_name, asset_custodian,used_date, remarks,is_delete</sql>
	 <!-- 插入资产审核信息 -->
	<insert id="addAudit" useGeneratedKeys="true" keyProperty="audit_ID">
	 insert into t_audit(asset_ID,asset_no,depreciation,asset_dept,asset_location,auditor_name,asset_custodian,used_date,remarks)
     values(#{asset_ID},#{asset_no},#{depreciation},#{asset_dept},#{asset_location},#{auditor_name},#{asset_custodian},#{used_date},#{remarks});
	</insert>
	
	<update id="deleteAudit" parameterType="int">
	update t_audit 
	set is_delete=1
	where audit_ID=#{audit_ID} 
	</update>
	<update id="modifyAudit">
	update t_audit 
	<set>
	<if test="asset_no!=null"> asset_no=#{asset_no},</if>
	<if test="depreciation!=null">depreciation=#{depreciation},</if>
     <if test="asset_dept!=null">asset_dept=#{asset_dept},</if>
     <if test="asset_location!=null">asset_location=#{asset_location},</if>
     <if test="auditor_name!=null">auditor_name=#{auditor_name},</if>
     <if test="asset_custodian!=null">asset_custodian=#{asset_custodian},</if>
     <if test="used_date!=null">used_date=#{used_date},</if>
     <if test="remarks!=null">remarks=#{remarks}</if>
	</set>
	where asset_ID=#{asset_ID}
	</update>
	<select id="queryAudit" resultMap="auditfMap">
	 select au.asset_ID,au.audit_ID,au.asset_no,au.depreciation,au.asset_dept,au.asset_location,
	 au.auditor_name,au.asset_custodian,au.used_date,au.remarks,a.asset_name
	 from t_audit as au,t_asset as a
	 where au.asset_ID=a.asset_ID  and a.is_delete=0 and au.is_delete=0 and au.asset_ID=#{asset_ID}
	 order by au.audit_ID
	</select>
	<select id="queryAudit2" resultMap="auditfMap">
	 select au.asset_ID,au.audit_ID,au.asset_no,au.depreciation,au.asset_dept,au.asset_location,
	 au.auditor_name,au.asset_custodian,au.used_date,au.remarks,a.asset_name
	 from t_audit as au,t_asset as a
	 where au.asset_ID=a.asset_ID  and a.is_delete=0 and au.is_delete=0 and au.audit_ID=#{audit_ID}
	
	</select>
	
	<select id="queryAllAudit" resultMap="auditfMap">     
	 select au.asset_ID,au.audit_ID,au.asset_no,au.depreciation,au.asset_dept,au.asset_location,
	 au.auditor_name,au.asset_custodian,au.used_date,au.remarks,a.asset_name,a.asset_price
	 from t_audit as au,t_asset as a
	 where au.asset_ID=a.asset_ID and a.is_delete=0 and au.is_delete=0 and a.scrap_isfill=0
	 order by au.audit_ID
	</select>
	
<resultMap type="com.dawn.pojo.Audit" id="auditfMap">
		<result property="asset_ID" column="asset_ID" />
		<result property="audit_ID" column="audit_ID" />
		<result property="asset_no" column="asset_no" />
		<result property="depreciation" column="depreciation" />
		<result property="asset_dept" column="asset_dept" />
		<result property="asset_location" column="asset_location" />
		<result property="auditor_name" column="auditor_name" />
		<result property="asset_custodian" column="asset_custodian" />
		<result property="used_date" column="used_date" />
		<result property="remarks" column="remarks" />
		<result property="is_delete" column="is_delete" />
		<association property="asset" javaType="com.dawn.pojo.Asset" >
			<result property="asset_name" column="asset_name" />
			<result property="asset_price" column="asset_price" />
		</association>
	</resultMap>

</mapper>