<?xml version="1.0" encoding="UTF-8"?>
<!DOCTYPE mapper PUBLIC "-//ibatis.apache.org//DTD Mapper 3.0//EN"      
 "http://ibatis.apache.org/dtd/ibatis-3-mapper.dtd">
<mapper namespace="com.dawn.mapper.InventoryMapper">

<select id="queryInventoryById" resultMap="invMap">
select a.asset_ID,a.asset_name,a.specifications,a.PN,a.SN,a.asset_class,a.asset_price,au.asset_no,
au.depreciation,au.asset_dept,au.asset_location,au.used_date
from amsd.t_asset as a,amsd.t_audit as au
where au.asset_ID=a.asset_ID and a.is_delete=0 and au.is_delete=0 and au.asset_ID=#{asset_ID}
</select>



<resultMap type="com.dawn.pojo.Inventory" id="invMap">
  <association property="asset" javaType="com.dawn.pojo.Asset">
  	<result property="asset_ID" column="asset_ID" />
		<result property="asset_name" column="asset_name" />
		<result property="specifications" column="specifications" />
		<result property="PN" column="PN" />
		<result property="SN" column="SN" />
		<result property="asset_class" column="asset_class" />
		<result property="asset_price" column="asset_price" />
  </association>
<association property="audit" javaType="com.dawn.pojo.Audit">
<result property="asset_ID" column="asset_ID" />
		<result property="asset_no" column="asset_no" />
		<result property="depreciation" column="depreciation" />
		<result property="asset_dept" column="asset_dept" />
		<result property="asset_location" column="asset_location" />
		<result property="used_date" column="used_date" />
</association>
</resultMap>
</mapper>