<?xml version="1.0" encoding="UTF-8"?>
<!DOCTYPE mapper PUBLIC "-//ibatis.apache.org//DTD Mapper 3.0//EN"      
 "http://ibatis.apache.org/dtd/ibatis-3-mapper.dtd">
<mapper namespace="com.dawn.mapper.RepairMapper">
<sql id="repair"> repair_ID, asset_ID, repair_time, repair_course, repair_process, repair_man,repair_cost, repair_handler,remarks,is_delete;</sql>
	 <!-- 添加維修記錄 -->
	<insert id="addRepair" useGeneratedKeys="true" keyProperty="repair_ID">
	 insert into amsd.t_repair(asset_ID,repair_time,repair_course, repair_process, 
	 repair_man,repair_cost, repair_handler,remarks)
     values(#{asset_ID},#{repair_time},#{repair_course},#{repair_process},
     #{repair_man},#{repair_cost},#{repair_handler},#{remarks})
	</insert>
	<update id="deleteRepair" parameterType="int">
	update t_repair
	set is_delete=1
	where repair_ID=#{repair_ID} 
	</update>
	<update id="modifyRepair">
	update t_repair 
	<set>
	<if test="repair_time!=null"> repair_time=#{repair_time},</if>
	<if test="repair_course!=null">repair_course=#{repair_course},</if>
     <if test="repair_process!=null">repair_process=#{repair_process},</if>
     <if test="repair_man!=null">repair_man=#{repair_man},</if>
     <if test="repair_cost!=null">repair_cost=#{repair_cost},</if>
     <if test="repair_handler!=null">repair_handler=#{repair_handler},</if>
     <if test="remarks!=null">remarks=#{remarks}</if>
	</set>
	where repair_ID=#{repair_ID}
	</update>	
<select id="queryAllRepair" resultMap="repairInfoMap">
select r.repair_ID, r.asset_ID,a.asset_name,r.repair_time,r.repair_course,r.repair_process, 
	 r.repair_man,r.repair_cost,r.repair_handler,r.remarks
from t_repair as r,t_asset as a
where r.asset_ID=a.asset_ID and a.is_delete=0 and r.is_delete=0
order by r.repair_ID
</select>	
<select id="queryAssetRepair" resultMap="repairInfoMap">
select r.repair_ID, r.asset_ID,a.asset_name,r.repair_time,r.repair_course,r.repair_process, 
	 r.repair_man,r.repair_cost,r.repair_handler,r.remarks
from t_repair as r,t_asset as a
where r.asset_ID=a.asset_ID and a.is_delete=0 and r.is_delete=0 and r.asset_ID=#{asset_ID}
order by r.repair_ID
</select>
<select id="queryRepairById" resultMap="repairInfoMap">
select r.repair_ID, r.asset_ID,a.asset_name,r.repair_time,r.repair_course,r.repair_process, 
	 r.repair_man,r.repair_cost,r.repair_handler,r.remarks
from t_repair as r,t_asset as a
where r.asset_ID=a.asset_ID and a.is_delete=0 and r.is_delete=0 and r.repair_ID=#{repair_ID}
</select>

<!-- 添加一个证明材料信息 -->
	<insert id="addRepairProof">
	insert into t_proofrepair(repair_ID,repair_url)
	values(#{repair_ID},#{repair_url})
	</insert>
	<select id="queryRepairProof" resultType="java.lang.String">
select repair_url from t_proofrepair where repair_ID=#{repair_ID} and is_delete=0;
	</select>
	<select id="queryRepairProof2" resultType="com.dawn.pojo.ProofRepair">
select repair_url,repairProof_ID from t_proofrepair where repair_ID=#{repair_ID} and is_delete=0;
	</select>
	<update id="deleteRepairProof">
	update t_proofrepair set is_delete=1 where repairProof_ID=#{repairProof_ID}
	</update>
	<resultMap type="com.dawn.pojo.ProofRepair" id="ProofRepairMap">
		<!-- <result property="repairProof_ID" column="transferProof_ID" /> <result 
			property="repair_ID" column="repair_ID" /> -->
		<result property="repair_url" column="repair_url" />
		<!-- <result property="is_delete" column="is_delete" /> -->
	</resultMap>
	<resultMap type="com.dawn.pojo.Repair" id="repairMap">
	    <result property="repair_ID" column="repair_ID" />
	    <result property="asset_ID" column="asset_ID" />
		<result property="repair_time" column="repair_time" />
		<result property="repair_course" column="repair_course" />
		<result property="repair_process" column="repair_process" />
		<result property="repair_man" column="repair_man" />
		<result property="repair_cost" column="repair_cost" />
		<result property="repair_handler" column="repair_handler" />
		<result property="remarks" column="remarks" />
		<result property="is_delete" column="is_delete" />
	</resultMap>
	<resultMap type="com.dawn.pojo.Repair" id="repairInfoMap" extends="repairMap">
	<association property="asset" javaType="com.dawn.pojo.Asset" >
			<result property="asset_name" column="asset_name" />
		</association>
	   <collection property="proofRepairs" ofType="com.dawn.pojo.ProofRepair">
			<id property="repairProof_ID" column="repairProof_ID" />
			<result property="repair_url" column="repair_url" />
		</collection>
	</resultMap>
	

</mapper>