<?xml version="1.0" encoding="UTF-8" ?>  
<!DOCTYPE mapper PUBLIC "-//ibatis.apache.org//DTD Mapper 3.0//EN"      
 "http://ibatis.apache.org/dtd/ibatis-3-mapper.dtd">
<mapper namespace="com.dawn.mapper.RoleMapper">
	<!-- 添加一个角色 -->
	<insert id="addRole" parameterType="com.dawn.pojo.Role" useGeneratedKeys="true"
		keyProperty="role_ID">
		insert into t_role(role_name,permission)
		values (#{role_name},#{permission})
	</insert>
	<!-- 修改角色权限 -->
	<update id="modifyRolePermission">
		update t_role
		set permission=#{permission}
		where role_ID=#{role_ID}
	</update>
	<!-- 查询一个角色信息，根据名字 -->
	<select id="queryRoleByName" parameterType="String" resultMap="roleMap">
		select role_ID,role_name,permission
		from t_role
		where role_name=#{role_name}
		and is_delete='0'
	</select>
	<!-- 查询一个角色信息，根据id -->
	<select id="queryRoleById" parameterType="int" resultMap="roleMap">
		select role_ID,role_name,permission
		from t_role
		where role_ID=#{role_ID}
		and is_delete='0' and role_ID!=1
	</select>
	<!-- 查询所有角色信息 -->
	<select id="queryAllRole" resultMap="roleMap">
		select role_ID,role_name,permission
		from t_role where is_delete='0' and role_ID!=1
		order by role_ID asc
	</select>
	<!-- 删除一个角色 -->
	<update id="deleteRole" parameterType="int">
		update amsd.t_role set is_delete=1 
		where role_ID=#{role_ID};
	</update>
	<select id="queryFromstaff" resultType="com.dawn.pojo.Staff">
	select * from t_staff where role_ID=#{role_ID} and is_delete=0;
	</select>
	<resultMap type="com.dawn.pojo.Role" id="roleMap">
		<id property="role_ID" column="role_ID" />
		<result property="role_name" column="role_name" />
		<result property="permission" column="permission" />
	</resultMap>
</mapper>