<?xml version="1.0" encoding="UTF-8"?>
<!DOCTYPE mapper PUBLIC "-//ibatis.apache.org//DTD Mapper 3.0//EN"      
 "http://ibatis.apache.org/dtd/ibatis-3-mapper.dtd">
<mapper namespace="com.dawn.mapper.ScrapMapper">
<sql id="scrap" >
scrap_ID, asset_ID, used_year,disposal_method,scrap_handler, is_delete,remarks
</sql>
<insert id="addScrap" useGeneratedKeys="true"
		keyProperty="scrap_ID">
 insert into t_scrap(asset_ID,disposal_method,scrap_handler,remarks)
  values(#{asset_ID},#{disposal_method},#{scrap_handler},#{remarks})
</insert>
<update id="deleteScrap">
 update t_scrap set is_delete=1
 where scrap_ID=#{scrap_ID}
</update>
	<update id="modifyScrap">
	update t_scrap
	<set>
	<if test="disposal_method!=null">disposal_method=#{disposal_method},</if>
     <if test="scrap_handler!=null">scrap_handler=#{scrap_handler},</if>
     <if test="remarks!=null">remarks=#{remarks}</if>    
	</set>
	 where scrap_ID=#{asset_ID}
	</update>
	<select id="queryAllScrap" resultMap="ScrapInfoMap">
	select s.scrap_ID,s.asset_ID,s.disposal_method,s.scrap_handler,s.remarks,a.asset_name,
	a.asset_price,au.used_date,au.depreciation,au.asset_dept,au.asset_location,au.asset_custodian
	from t_scrap as s,t_asset as a,t_audit as au
	where s.asset_ID=a.asset_ID and a.asset_ID=au.asset_ID and s.is_delete=0 and a.is_delete=0
	and au.is_delete=0
	order by s.scrap_ID asc
	</select>
	<select id="queryAssetScrap" resultMap="ScrapInfoMap">
	select 
	s.scrap_ID,s.asset_ID,s.disposal_method,s.scrap_handler,s.remarks,a.asset_name,
	a.asset_price,au.used_date,au.depreciation,au.asset_dept,au.asset_location,au.asset_custodian
	from 
	amsd.t_scrap as s,amsd.t_asset as a,amsd.t_audit as au
	where 
	s.asset_ID=a.asset_ID and a.asset_ID=au.asset_ID and s.is_delete=0 and a.is_delete=0
	and au.is_delete=0 and s.asset_ID=#{asset_ID}
	</select>
	<!--************** 证明材料*************-->
	
	<!-- 添加一个证明材料信息 -->
	<insert id="addProofScrap" useGeneratedKeys="true"
		keyProperty="scrapProof_ID">
	insert into t_proofscrap(scrap_ID,scrap_url)
	values(#{scrap_ID},#{scrap_url})
	</insert>
	<select id="queryProofScrap" resultType="java.lang.String">
	select scrap_url from t_proofscrap where scrap_ID=#{scrap_ID} and is_delete=0
	</select>
	<select id="queryProofScrap2" resultType="com.dawn.pojo.ProofScrap">
	select scrapProof_ID,scrap_url from t_proofscrap where scrap_ID=#{scrap_ID} and is_delete=0
	</select>
	<update id="deleteProofScrap">
	update t_proofscrap set is_delete=1 where scrapProof_ID=#{scrapProof_ID}
	</update>
	<select id="queryAScrapproof" resultType="com.dawn.pojo.ProofScrap">
	select scrapProof_ID,scrap_url from t_proofscrap where scrap_ID=#{scrapProof_ID} and is_delete=0
	</select>
	<resultMap type="com.dawn.pojo.ProofScrap" id="ProofScrapMap">
		<!-- <result property="scrapProof_ID" column="scrapProof_ID" /> <result 
			property="scrap_ID" column="scrap_ID" /> -->
		<result property="scrap_url" column="scrap_url" />
		<!-- <result property="is_delete" column="is_delete" /> -->
	</resultMap>
	<resultMap type="com.dawn.pojo.Scrap" id="scrapMap">
	    <result property="scrap_ID" column="scrap_ID" />
	    <result property="asset_ID" column="asset_ID"/>
		<result property="disposal_method" column="disposal_method" />
		<result property="scrap_handler" column="scrap_handler" />
		<result property="is_delete" column="is_delete" />
		<result property="remarks" column="remarks" />
	</resultMap>
	
	<resultMap type="com.dawn.pojo.Scrap" id="ScrapInfoMap" extends="scrapMap">
	 <association property="asset" javaType="com.dawn.pojo.Asset" >
			<result property="asset_name" column="asset_name" />
			<result property="asset_price" column="asset_price" />
		</association>
		 <association property="audit" javaType="com.dawn.pojo.Audit" >
			<result property="used_date" column="used_date" />
			<result property="depreciation" column="depreciation" />
			<result property="asset_dept" column="asset_dept" />
			<result property="asset_location" column="asset_location" />
			<result property="asset_custodian" column="asset_custodian" />
		</association>
	   <collection property="proofScraps" ofType="com.dawn.pojo.ProofScrap">
			<id property="scrapProof_ID" column="scrapProof_ID" />
			<result property="scrap_url" column="scrap_url" />
		</collection>
	</resultMap>
	
</mapper>