<?xml version="1.0" encoding="UTF-8" ?>  
<!DOCTYPE mapper PUBLIC "-//ibatis.apache.org//DTD Mapper 3.0//EN"      
 "http://ibatis.apache.org/dtd/ibatis-3-mapper.dtd">
<mapper namespace="com.dawn.mapper.StaffInfoMapper">
	<select id="findStaffById" parameterType="String" resultMap="staffMap">
		select t_staff.*,t_role.*
		from t_staff,t_role
		where t_staff.staff_ID=#{staff_ID}
		and t_staff.role_ID=t_role.role_ID
	</select>
	<resultMap type="com.dawn.pojo.Staff" id="staffMap">
		<result property="staff_ID" column="staff_ID" />
		<result property="staff_name" column="staff_name" />
		<result property="staff_pwd" column="staff_pwd" />
		<result property="staff_dept" column="staff_dept" />
		<result property="staff_position" column="staff_position" />
		<result property="contact_way" column="contact_way" />
		<result property="is_delete" column="is_delete" />
		 <result property="role_ID" column="role_ID" />
		<association property="role" javaType="com.dawn.pojo.Role">
		   <result property="role_ID" column="role_ID" />
			<result property="role_name" column="role_name" />
			<result property="permission" column="permission" />
			<result property="is_delete" column="is_delete" />
		</association>
	</resultMap>
	<update id="changeStaffPwd">
	update
		t_staff
	set
		staff_pwd=#{1}
	where
		staff_ID=#{0}
	</update>
	<insert id="addStaff" parameterType="com.dawn.pojo.Staff">
		INSERT INTO 
			t_staff
			(staff_ID,staff_name,staff_pwd,staff_dept,staff_position,contact_way,role_ID)
		VALUES
			(#{0},#{1},#{2},#{3},#{4},#{5},#{6})
	</insert>
	<delete id="deleteStaff" >
		UPDATE
			t_staff
		SET 
			is_delete=1
		WHERE
			staff_ID=#{staff_id} 
	</delete>
	<select id="showStaffInfo" resultMap="staffMap">
		SELECT 
			t_staff.*,t_role.*
		FROM 
			t_staff,t_role
		WHERE 
			t_staff.is_delete=0 and t_staff.role_ID=t_role.role_ID and t_staff.role_ID!=1
	</select>
	<update id="changeStaffInfo" parameterType="com.dawn.pojo.Staff">
		UPDATE
			t_staff
		SET
			staff_name=#{1},staff_pwd=#{2},staff_dept=#{3},
			staff_position=#{4},contact_way=#{5},role_ID=#{6}
		WHERE
			staff_ID=#{0}
	</update>
	<update id="saveStaffInfo">
		UPDATE
			t_staff
		SET
			staff_position=#{1},contact_way=#{2}
		WHERE
			staff_ID=#{0}
	</update>
	
</mapper>