<?xml version="1.0" encoding="UTF-8" ?>  
<!DOCTYPE mapper PUBLIC "-//ibatis.apache.org//DTD Mapper 3.0//EN"      
 "http://ibatis.apache.org/dtd/ibatis-3-mapper.dtd">
<mapper namespace="com.dawn.mapper.StaffMapper">
	<select id="queryStaff" resultMap="staffMap">
		select s.staff_ID,s.staff_name,s.staff_pwd,s.role_ID, s.staff_dept,s.staff_position,s.contact_way,r.role_name,r.permission
		from t_staff s,t_role r
		where s.role_ID=r.role_ID and s.staff_ID=#{staff_ID}
		and s.role_ID=r.role_ID
	</select>
	<insert id="addStaff">
	insert into t_staff(staff_ID,staff_name,staff_pwd,staff_dept,staff_position,contact_way)
	values(#{staff_ID},#{staff_name},#{staff_pwd},#{staff_dept},#{staff_position},#{contact_way})
	</insert>
	<update id="modifyStaff">
	update t_staff
	set  staff_name=#{staff_name},staff_pwd=#{staff_pwd},staff_dept=#{staff_dept},staff_position=#{staff_position} role_ID=#{role_ID}
	where staff_ID=#{staff_ID}
	</update>
<resultMap type="com.dawn.pojo.Staff" id="staffMap">
		<result property="staff_ID" column="staff_ID" />
		<result property="staff_name" column="staff_name" />
		<result property="staff_pwd" column="staff_pwd" />
		<result property="staff_dept" column="staff_dept" />
		<result property="staff_position" column="staff_position" />
		<result property="contact_way" column="contact_way" />
		<result property="is_delete" column="is_delete" />
		<result property="role_ID" column="role_ID" />
		<association property="role" javaType="com.dawn.pojo.Role" >
		   <result property="role_ID" column="role_ID" />
			<result property="role_name" column="role_name" />
			<result property="permission" column="permission" />
			<result property="is_delete" column="is_delete" />
		</association>
	</resultMap>
<!-- <resultMap type="com.dawn.pojo.Staff" id="staffMap">
		<result property="staff_ID" column="staff_ID" />
		<result property="staff_name" column="staff_name" />
		<result property="staff_pwd" column="staff_pwd" />
		<result property="staff_dept" column="staff_dept" />
		<result property="staff_position" column="staff_position" />
		<result property="contact_way" column="contact_way" />
		<result property="is_delete" column="is_delete" />
		<result property="role_ID" column="role_ID" />
		<association property="role" column="role_ID" javaType="com.dawn.pojo.Role" select="com.dawn.mapper.RoleMapper.queryRoleById"/>  
	</resultMap> -->

</mapper>