<?xml version="1.0" encoding="UTF-8"?>
<!DOCTYPE mapper PUBLIC "-//ibatis.apache.org//DTD Mapper 3.0//EN"      
 "http://ibatis.apache.org/dtd/ibatis-3-mapper.dtd">
<mapper namespace="com.dawn.mapper.StatusMapper">
<sql id="transfer">
 status_ID,asset_ID,check_date, device_status,status_handler,is_delete, remarks
</sql>
<insert id="addStatus">
 insert into t_status(asset_ID,check_date, device_status,status_handler, remarks)
  values(#{asset_ID},#{check_date},#{device_status}, #{status_handler},#{remarks})
</insert>
<update id="deleteStatus">
 update t_status set is_delete=1
 where status_ID=#{status_ID}
</update>
	<update id="modifyStatus">
	  update t_status 
	<set>
	<if test="check_date!=null"> check_date=#{check_date},</if>
	<if test="device_status!=null">device_status=#{device_status},</if>
     <if test="status_handler!=null">status_handler=#{status_handler},</if>
     <if test="remarks!=null">remarks=#{remarks}</if>
	</set>
	 where status_ID=#{status_ID}
	</update>
	<select id="queryAllStatus" resultMap="staMap">
	select s.status_ID ,s.asset_ID,s.check_date,s.device_status,s.status_handler,s.remarks,a.asset_name
	from t_status as s,t_asset as a
	where a.asset_ID=s.asset_ID and s.is_delete=0 and a.is_delete=0
	order by s.status_ID asc
	</select>
	<select id="queryOneAssetStatus" resultMap="staMap">
	select s.status_ID ,s.asset_ID,s.check_date,s.device_status,s.status_handler,s.remarks,a.asset_name
	from t_status as s,t_asset as a
	where a.asset_ID=s.asset_ID and s.is_delete=0 and a.is_delete=0 and s.status_ID=#{status_ID}
	</select>
	<resultMap type="com.dawn.pojo.Status" id="statusMap">
		<result property="status_ID" column="status_ID" /> 
		<result property="asset_ID" column="asset_ID" />
		<result property="check_date" column="check_date" />
		<result property="device_status" column="device_status" />
		<result property="status_handler" column="status_handler" />
		<result property="remarks" column="remarks" />

	</resultMap>
	<resultMap type="com.dawn.pojo.Status" extends="statusMap" id="staMap">
	  <association property="asset" javaType="com.dawn.pojo.Asset" >
			<result property="asset_name" column="asset_name" />
		</association>
	</resultMap>
</mapper>