<?xml version="1.0" encoding="UTF-8"?>
<!DOCTYPE mapper PUBLIC "-//ibatis.apache.org//DTD Mapper 3.0//EN"      
 "http://ibatis.apache.org/dtd/ibatis-3-mapper.dtd">
<mapper namespace="com.dawn.mapper.TransferMapper">
	<sql id="transfer">
	transfer_ID, transfer_ID,transfer_dept,receiving_dept,transfer_date,purpose,property,
	transfer_mode, transfer_handler, receiving_handler, is_delete,remarks
	</sql>
	<insert id="addTransfer">
		insert into
		t_transfer(asset_ID,transfer_dept,receiving_dept,
		transfer_date,purpose,property,
		transfer_mode, transfer_handler, receiving_handler,remarks)
		values(#{asset_ID}, #{transfer_dept},
		#{receiving_dept}, #{transfer_date}, #{purpose}, #{property},
		#{transfer_mode},
		#{transfer_handler}, #{receiving_handler},#{remarks})
	</insert>
	<update id="deleteTransfer">
		update t_transfer set is_delete=1
		where transfer_ID=#{transfer_ID}
  </update>
  
	<update id="modifyTransfer">
        update t_transfer
		<set>
			<if test="transfer_dept!=null">transfer_dept=#{transfer_dept},</if>
			<if test="receiving_dept!=null">receiving_dept=#{receiving_dept},</if>
			<if test="transfer_date!=null">transfer_date=#{transfer_date},</if>
		    <if test="purpose!=null">purpose=#{purpose},</if>
			<if test="property!=null">property=#{property},</if>
			<if test="transfer_mode!=null">transfer_mode=#{transfer_mode},</if>
			<if test="transfer_handler!=null">transfer_handler=#{transfer_handler},</if>
			<if test="receiving_handler!=null">receiving_handler=#{receiving_handler},</if>
			<if test="remarks!=null">remarks=#{remarks},</if>
			<if test="purpose!=null">purpose=#{purpose}</if>
		</set>
	</update>
	
	<!-- <update id="modifyTransfer">
	update amsd.t_transfer set transfer_dept=#{transfer_dept},receiving_dept=#{receiving_dept}
	,remarks=#{remarks}
	
	where transfer_ID=#{transfer_ID}
	</update> -->
	<select id="queryAllTransfer" resultMap="transferInfoMap">
		select
		t.transfer_ID,t.asset_ID,t.transfer_dept,t.receiving_dept,t.transfer_date,t.purpose,property,
		t.transfer_mode,t.transfer_handler,t.receiving_handler,t.remarks,t.asset_ID,a.asset_name
		from t_transfer as t,t_asset as a
		where t.asset_ID=a.asset_ID and t.is_delete=0 and a.is_delete=0
		order by transfer_ID asc
	</select>
	
	<select id="queryTransfer" resultMap="transferInfoMap">
		select t.transfer_ID,t.asset_ID,a.asset_name,t.transfer_dept,t.receiving_dept,t.transfer_date,
		t.purpose,t.property,t.transfer_mode,t.transfer_handler,t.receiving_handler,t.remarks,p.transfer_url,p.transferProof_ID
		from t_transfer as t,t_prooftransfer as p ,t_asset as a
		where t.transfer_ID=p.transfer_ID and t.asset_ID=a.asset_ID and t.is_delete=0 and a.is_delete=0 and t.transfer_ID=#{transfer_ID}
    	
	</select>


	<!--************** 证明材料************* -->

	<!-- 添加一个证明材料信息 -->
	<insert id="addTransferProof">
		insert into t_prooftransfer(transfer_ID,transfer_url)
		values(#{transfer_ID},#{transfer_url})
	</insert>
	<select id="queryTransferProof" resultType="java.lang.String">
		select transfer_url from t_prooftransfer where transfer_ID=#{transfer_ID} and
		is_delete=0
	</select>
	<select id="queryTransferProof2" resultType="com.dawn.pojo.ProofTransfer">
		select transferProof_ID,transfer_url from t_prooftransfer where transfer_ID=#{transfer_ID} and
		is_delete=0
	</select>
	<select id="queryOneTransferProof" resultType="com.dawn.pojo.ProofTransfer">
		select transferProof_ID,transfer_url,transfer_ID from t_prooftransfer where transferProof_ID=#{transferProof_ID} 
	</select>
	<update id="deleteTransferproof">
		update t_prooftransfer set is_delete=1 where
		transferProof_ID=#{transferProof_ID}
	</update>
	
	<resultMap type="com.dawn.pojo.ProofTransfer" id="ProofTransferMap">
		<!-- <result property="transferProof_ID" column="transferProof_ID" /> <result 
			property="transfer_ID" column="transfer_ID" /> -->
		<result property="transfer_url" column="transfer_url" />
		<!-- <result property="is_delete" column="is_delete" /> -->
	</resultMap>
	<resultMap type="com.dawn.pojo.Transfer" id="transferMap">
		<result property="transfer_ID" column="transfer_ID" />
		<result property="asset_ID" column="asset_ID" />
		<result property="transfer_dept" column="transfer_dept" />
		<result property="receiving_dept" column="receiving_dept" />
		<result property="transfer_date" column="transfer_date" />
		<result property="purpose" column="purpose" />
		<result property="property" column="property" />
		<result property="purchase_date" column="purchase_date" />
		<result property="transfer_mode" column="transfer_mode" />
		<result property="transfer_handler" column="transfer_handler" />
		<result property="receiving_handler" column="receiving_handler" />
		<result property="is_delete" column="is_delete" />
		<result property="remarks" column="remarks" />
	</resultMap>

	<resultMap type="com.dawn.pojo.Transfer" id="transferInfoMap"
		extends="transferMap">
		<association property="asset" javaType="com.dawn.pojo.Asset" >
			<result property="asset_name" column="asset_name" />
		</association>
		<collection property="proofTransfers" ofType="com.dawn.pojo.ProofTransfer">
			<id property="transferProof_ID" column="transferProof_ID" />
			<result property="transfer_url" column="transfer_url" />
		</collection>
	</resultMap>

</mapper>